{
  "project_info": {
    "project_number": "7906200532",
    "project_id": "markit-ams-app",
    "storage_bucket": "markit-ams-app.appspot.com"
  },
  "client": [
    {
      "client_info": {
        "mobilesdk_app_id": "1:7906200532:android:c69443635083a7ec30e441",
        "android_client_info": {
          "package_name": "com.example.markit"
        }
      },
      "oauth_client": [
        {
          "client_id": "7906200532-39arshe25tb3ahs7b143ah6mm0m7bj2m.apps.googleusercontent.com",
          "client_type": 3
        }
      ],
      "api_key": [
        {
          "current_key": "AIzaSyDDfT6lc48gals1hnIykAL_qIk5rH28nH0"
        }
      ],
      "services": {
        "appinvite_service": {
          "other_platform_oauth_client": [
            {
              "client_id": "7906200532-39arshe25tb3ahs7b143ah6mm0m7bj2m.apps.googleusercontent.com",
              "client_type": 3
            }
          ]
        }
      }
    }
  ],
  "configuration_version": "1"
}